Hassnain,hass,hassnain.ali@outlook.com,null,image/jpeg,null,application/vnd.ms-excel,HelloWorld
Hassnain,hass,hassnain.ali@outlook.com,null,image/jpeg,null,application/vnd.ms-excel,HelloWorld
Hassnain,hass,hassnain.ali@outlook.com,null,image/jpeg,null,application/vnd.ms-excel,HelloWorld
Hassnain,hass,hassnain.ali@outlook.com,null,image/jpeg,null,application/vnd.ms-excel,HelloWorld
Hassnain,hass,hassnain.ali@outlook.com,null,image/jpeg,null,application/vnd.ms-excel,HelloWorld
Hassnain,hass,hassnain.ali@outlook.com,null,image/jpeg,null,application/vnd.ms-excel,HelloWorld
Hassnain,hass,hassnain.ali@outlook.com,null,image/jpeg,null,application/vnd.ms-excel,HelloWorld
Hassnain,hass,hassnain.ali@outlook.com,null,image/jpeg,null,application/vnd.ms-excel,HelloWorld
Hassnain,hass,hassnain.ali@outlook.com,null,image/jpeg,null,application/vnd.ms-excel,HelloWorld
Hassnain,hass,hassnain.ali@outlook.com,null,image/jpeg,null,application/vnd.ms-excel,HelloWorld
Hassnain,hass,hassnain.ali@outlook.com,null,image/jpeg,null,application/vnd.ms-excel,HelloWorld
Hassnain,hass,hassnain.ali@outlook.com,null,image/jpeg,null,application/vnd.ms-excel,HelloWorld
Hassnain,hass,hassnain.ali@outlook.com,null,image/jpeg,null,application/vnd.ms-excel,HelloWorld
Hassnain,hass,hassnain.ali@outlook.com,null,image/jpeg,null,application/vnd.ms-excel,HelloWorld
Hassnain,hass,hassnain.ali@outlook.com,null,image/jpeg,null,application/vnd.ms-excel,HelloWorld
Hassnain,hass,hassnain.ali@outlook.com,null,image/jpeg,null,application/vnd.ms-excel,HelloWorld
Hassnain,hass,hassnain.ali@outlook.com,null,image/jpeg,null,application/vnd.ms-excel,HelloWorld
Hassnain,hass,hassnain.ali@outlook.com,null,image/jpeg,null,application/vnd.ms-excel,HelloWorld
Hassnain,hass,hassnain.ali@outlook.com,null,image/jpeg,null,application/vnd.ms-excel,HelloWorld
Hassnain,hass,hassnain.ali@outlook.com,null,image/jpeg,null,application/vnd.ms-excel,HelloWorld